res_ID,res_name,kind,lat(y),lon(x),menu_ID,menu_name,price
,소풍가는날,분식,35.80874639910,127.15306486747,,원조김밥,2000
,본설렁탕수담골 전주전북도청점,한식,35.81637400000,127.10492300000,,백설렁탕,9000
,오구본가 전주호성점,양식,35.86273731639,127.14917477099,,반반피자,13900
,한들각,중식,35.80627818420,127.13432044695,,짬뽕,5500
,맛뜨랑분식,분식,35.79995527602,127.12020513235,,김밥,3000
,피자스쿨 서부점,양식,35.80622482010,127.12752427395,,피자,6000
,피자마루신시가지,양식,35.80920700000,127.09678600000,,마떡,5000
,본김밥카페 전주호성점,분식,35.86490162058,127.15148542372,,돈까스김밥,3800
,낙원분식,분식,35.87297546827,127.08135059722,,튀김,4000
,파리바게트더블진흥점,카페,35.86442844847,127.14897124025,,피자빵,3000
,튀김짱김밥,분식,35.85558069382,127.15577719615,,떡만둣국,4000
,하하꼬치,아시안,35.87047623777,127.07826789906,,닭꼬치,2500
,김밥나라 호성점,분식,35.85664960640,127.15361229678,,김밥,2500
,파리바게뜨 휴먼시아점,카페,35.80375570000,127.09912150000,,피자빵,3000
,파리바게뜨 전주포스코점,카페,35.80429900000,127.10251700000,,피자빵,3000
,두레박회관,한식,35.84979644692,127.15986613846,,돌솥비빔밥,7000
,피자스쿨 전주혁신점,양식,35.84163451896,127.05790033994,,불고기피자,8000
,한솥아중점,한식,35.82921104461,127.16975831149,,도시락,5000
,파리바게뜨호성점,양식,35.85791846175,127.15303323976,,피자빵,3000
,돼지저금통,한식,35.83587543286,127.15430451143,,청국장백반,6000
,코끼리가반한와플앤커피 효자점,카페,35.80916800000,127.09682200000,,블루베리크림치즈와플,3000
,파리바게뜨 호성점,양식,35.85791846175,127.15303323976,,피자빵,3000
,쿡1015호성점,한식,35.85785558463,127.15190496859,,순두부찌개,5000
,레드애플,카페,35.85449975666,127.15516643998,,스페셜 밥버거,3500
,소희네분식,분식,35.83433512673,127.14572745376,,김치참치볶음밥,3500
,왱이집,한식,35.81846617554,127.14923095528,,콩나물국밥,7000
,콩샌호성점,카페,35.86037357036,127.15059406859,,샌드위치,3800
,성락분식,분식,35.84534968882,127.15127476647,,김치볶음밥,6000
,신신슈퍼,한식,35.81830577501,127.14859435528,,라면,6000
,맛나손수제비,분식,35.85104532853,127.15678096075,,수제비,6000
,바른생활,분식,35.85522634733,127.15562297643,,샌드위치,2000
,카페맘마,카페,35.81189485021,127.10011121306,,빨간떡볶이,6000
,바른카츠,양식,35.84374727109,127.13811546848,,돈까스,7000
,동래분식,분식,35.81254568745,127.14665491295,,꺠칼국수,5000
,내집앞슈퍼,한식,35.81220268903,127.15281601110,,라면,6000
,교동슈퍼,한식,35.81218528816,127.15283746877,,라면,6000
,피자스쿨 아중점,양식,35.82771898006,127.16512496859,,피자,6000
,홍대교동짬뽕 전주본점,중식,35.81319994298,127.13301450886,,짜장면,6000
,파리바게뜨전주우아점,카페,35.83486731616,127.16546001825,,피자빵,3000
,김밥집불났네,분식,35.82793644820,127.16510351143,,김밥,2000
,김우동,분식,35.83037923232,127.16871425560,,김밥,2000
,파리바게뜨 전주아중점,카페,35.83016679779,127.16859968823,,피자빵,3000
,신 김우동,분식,35.82780884605,127.16224466725,,김밥,2000
,치킨이 참 맛있는 집,치킨,35.80917737672,127.09681610206,,정통옛날치킨,6000
,효자파리바게트,카페,35.80488771035,127.11426364202,,피자빵,3000
,파리바게뜨 전주코오롱점,카페,35.79426991625,127.13359766877,,피자빵,3000
,본설렁탕,한식,35.83601314151,127.13025491645,,설렁탕,9000
,챔프김밥,분식,35.83278854210,127.16314898259,,김밥,2000
,파리바게뜨서전주점,카페,35.81177487482,127.11401371837,,피자빵,3000
,큰집닭강정아중점,치킨,35.82781243030,127.16511349855,,닭강정,6000
,참맛있는집,치킨,35.83523304269,127.16599812459,,정통옛날치킨,12000
,엄마김밥,분식,35.80373197075,127.13028216127,,김밥,2500
,피자애 아중점,양식,35.82922588226,127.16967491394,,피자,14400
,빵드림,카페,35.79552852930,127.12572276941,,크로아상,3000
,슈퍼.Super,분식,35.85508926749,127.11947695340,,라면,1500
,깨순이김밥 반월점,분식,35.87375017374,127.07186759743,,라면,3000
,신김밥천국,분식,35.84372445147,127.13831364977,,김밥,2000
,마루국수,한식,35.80550623969,127.13555263215,,멸치국수,4500
,또와분식,분식,35.82474255971,127.14324271143,,만두,3000
,용반점,중식,35.84379441754,127.13767503243,,짬뽕,6000
,삼오슈퍼,한식,35.87307195534,127.06894046486,,라면,6000
,파리바게뜨 전주남도점,카페,35.83781426069,127.13201317791,,피자빵,3000
,소담분식,분식,35.81480858316,127.12428979793,,순두부찌개,6000
,이모김밥,분식,35.81797244455,127.12497450443,,김밥,3000
,김밥마리롤초밥,분식,35.82592530101,127.14468033765,,육개장,6000
,짱이네분식,분식,35.81579550274,127.13800335884,,김밥,2500
,고수라김밥 중화산점,분식,35.81811794503,127.12445434418,,김밥,2500
,빵아저씨,카페,35.82277616194,127.15231011469,,빵,3500
,이현우동,분식,35.81574918133,127.11804812677,,김밥,2000
,신공알뜰쇼핑,분식,35.82564015142,127.15533121404,,라면,3000
,참사랑김밥,분식,35.81535608245,127.11797476910,,김밥,2500
,꿀보다닭강정,치킨,35.80236473960,127.11661100999,,닭강정반마리,6000
,캠토 우아점,카페,35.82932635703,127.16952411527,,토스트,3000
,다희네분식,분식,35.82547705394,127.13505311327,,떡볶이,3000
,풍차제과,카페,35.79813962306,127.14100432753,,모짜렐라베이컨,4200
,초록새참꽈배기,분식,35.82231344092,127.14988610497,,샌드위치,3000
,피자스쿨 효자점,양식,35.81062454118,127.11503213465,,피자,6000
,김밥천국,분식,35.82590185378,127.11603704026,,김밥,2000
,네네봉구스 전북대덕진점,분식,35.84412185626,127.12646105946,,밥버거,2500
,김밥나라 평화3호점,분식,35.79897250678,127.14128833593,,흑미마약김밥,2000
,정스돈까스반월점,분식,35.87368583393,127.07188445294,,돈까스,2000
,이가네쟁반짜장칡냉면전문점삼천성,한식,35.79592770338,127.12219831217,,짜장,5000
,잇츠브레드,카페,35.85322178697,127.10569516910,,몽블랑,1800
,네네앤봉구스 호성점,분식,35.85997398470,127.15286855531,,밥버거,2500
,전북전주덕진지역자활센터 참참떡볶이,분식,35.79509134934,127.12594745307,,참참떡볶이,3000
,샌앤잼,카페,35.84300747712,127.11033563846,,닭가슴살 샌드위치,6000
,정들면,한식,35.79200444512,127.11722019557,,해물칼국수,6000
,파리바게뜨 전주팔복점,카페,35.85314183967,127.10545156677,,피자빵,3000
,파리바게뜨 삼익점,카페,35.79716600030,127.12459086613,,피자빵,3000
,파리바게뜨 진주반월점,카페,35.87380869866,127.07157060691,,피자빵,3000
,정무문,중식,35.85385392031,127.10580840829,,옛날짜장,5000
,오성슈퍼,한식,35.82756811228,127.15628657422,,라면,3000
,하얼빈,중식,35.79403830717,127.12471918725,,짜장면,7000
,김가네김밥 삼천점,분식,35.80067765223,127.11231894850,,김가네김밥,3500
,김밥본부,분식,35.80862465577,127.15352725734,,김밥,1500
,파리바게뜨 화산점,카페,35.81141704716,127.12766774384,,피자빵,3000
,꼬맹이김밥,분식,35.79452184578,127.11367132844,,햄김밥,3000
,오늘도 분식,분식,35.79885084701,127.15010387903,,김밥,3000
,피자마루 중화산점,양식,35.81172242760,127.12480508115,,피자,12900
,죠피자 아중점,양식,35.83222020211,127.17125665086,,불고기피자,6000
,재단법인 전주푸드 통합지원센터(휴게음식점),한식,35.83842932186,127.12516199746,,라면,6000
,경아분식서신점,분식,35.82998326764,127.11562691491,,참치김밥,2500
,오늘김밥,분식,35.79793518783,127.12304632319,,계란김밥,3000
,맘스터치 송천점,양식,35.86353934025,127.11482342630,,싸이버거,5800
,신일알뜰쇼핑,한식,35.79726062178,127.12966284164,,라면,6000
,정무문,중식,35.85385392031,127.10580777421,,짜장,5000
,파리바게뜨전주서신점,카페,35.83379888161,127.11355656888,,피자빵,3000
,다농,한식,35.86702791793,127.11623764276,,라면,6000
,파리바게뜨 전주모래내점,카페,35.83355241648,127.14628319223,,피자빵,3000
,맛있는청혼,중식,35.83169994365,127.11804886506,,짜장면,4000
,파리바게뜨 중화산점,카페,35.82551713839,127.11606536013,,피자빵,3000
,청혜참치,한식,35.82596746298,127.17604065735,,참다랑어속살,10000
,중식당 진가,중식,35.83483944591,127.15474234616,,짜장면,4000
,마시루,일식,35.84510528238,127.15124588507,,냉소바,7000
,봄봄,카페,35.81599485896,127.10929957200,,초코버블티,4000